{"success":true,"terms":"https:\/\/currencylayer.com\/terms","privacy":"https:\/\/currencylayer.com\/privacy","timestamp":1650960723,"source":"USD","quotes":{"USDAED":3.673098,"USDAFN":86.739734,"USDALL":111.338938,"USDAMD":467.045052,"USDANG":1.801262,"USDAOA":404.15797,"USDARS":114.689099,"USDAUD":1.39025,"USDAWG":1.8,"USDAZN":1.701445,"USDBAM":1.822861,"USDBBD":2.018119,"USDBDT":86.18,"USDBGN":1.825331,"USDBHD":0.377019,"USDBIF":2051.912708,"USDBMD":1,"USDBND":1.374814,"USDBOB":6.861427,"USDBRL":4.878101,"USDBSD":0.999506,"USDBTC":2.4603286e-5,"USDBTN":76.547514,"USDBWP":11.998434,"USDBYN":3.36089,"USDBYR":19600,"USDBZD":2.01467,"USDCAD":1.274115,"USDCDF":2013.999926,"USDCHF":0.95975,"USDCLF":0.03062,"USDCLP":844.909791,"USDCNY":6.553698,"USDCOP":3936.5,"USDCRC":657.250436,"USDCUC":1,"USDCUP":26.5,"USDCVE":102.765675,"USDCZK":22.884999,"USDDJF":177.933323,"USDDKK":6.96819,"USDDOP":55.020178,"USDDZD":144.700883,"USDEGP":18.566399,"USDERN":15.000002,"USDETB":51.787282,"USDEUR":0.93661,"USDFJD":2.1423,"USDFKP":0.768642,"USDGBP":0.78624,"USDGEL":3.029776,"USDGGP":0.768642,"USDGHS":7.5209,"USDGIP":0.768642,"USDGMD":53.824974,"USDGNF":8880.594233,"USDGTQ":7.654756,"USDGYD":209.101839,"USDHKD":7.846265,"USDHNL":24.530043,"USDHRK":7.082402,"USDHTG":108.942635,"USDHUF":350.345012,"USDIDR":14406.05,"USDILS":3.28859,"USDIMP":0.768642,"USDINR":76.61755,"USDIQD":1458.762454,"USDIRR":42350.00004,"USDISK":129.830253,"USDJEP":0.768642,"USDJMD":154.52529,"USDJOD":0.70899,"USDJPY":127.946502,"USDKES":115.749651,"USDKGS":83.089903,"USDKHR":4041.847244,"USDKMF":459.571922,"USDKPW":900.000119,"USDKRW":1254.534956,"USDKWD":0.30577,"USDKYD":0.832949,"USDKZT":449.225722,"USDLAK":12011.408014,"USDLBP":1511.188987,"USDLKR":339.827482,"USDLRD":151.643978,"USDLSL":15.70194,"USDLTL":2.95274,"USDLVL":0.60489,"USDLYD":4.707483,"USDMAD":9.888717,"USDMDL":18.422171,"USDMGA":4040.299356,"USDMKD":57.66603,"USDMMK":1850.559589,"USDMNT":2994.863198,"USDMOP":8.078626,"USDMRO":356.999828,"USDMUR":42.597294,"USDMVR":15.450417,"USDMWK":816.195234,"USDMXN":20.295998,"USDMYR":4.352802,"USDMZN":63.829884,"USDNAD":15.575031,"USDNGN":414.579706,"USDNIO":35.795537,"USDNOK":9.16157,"USDNPR":122.478727,"USDNZD":1.509096,"USDOMR":0.385021,"USDPAB":0.999492,"USDPEN":3.76539,"USDPGK":3.521594,"USDPHP":52.251017,"USDPKR":185.952001,"USDPLN":4.348675,"USDPYG":6830.548125,"USDQAR":3.641009,"USDRON":4.632895,"USDRSD":110.204998,"USDRUB":74.249953,"USDRWF":1024.390244,"USDSAR":3.750701,"USDSBD":8.012903,"USDSCR":13.076008,"USDSDG":447.000336,"USDSEK":9.71955,"USDSGD":1.373795,"USDSHP":1.3774,"USDSLL":12445.000328,"USDSOS":579.999762,"USDSRD":20.732974,"USDSTD":20697.981008,"USDSVC":8.746103,"USDSYP":2512.449491,"USDSZL":15.708747,"USDTHB":34.238967,"USDTJS":12.447787,"USDTMT":3.51,"USDTND":3.022494,"USDTOP":2.295022,"USDTRY":14.788099,"USDTTD":6.783852,"USDTWD":29.291497,"USDTZS":2323.999836,"USDUAH":30.233557,"USDUGX":3523.118074,"USDUSD":1,"USDUYU":40.121714,"USDUZS":11254.564603,"USDVEF":213830222338.07285,"USDVND":22973.5,"USDVUV":112.581651,"USDWST":2.585442,"USDXAF":611.347009,"USDXAG":0.042257,"USDXAU":0.000526,"USDXCD":2.70255,"USDXDR":0.734783,"USDXOF":611.3698,"USDXPF":111.702206,"USDYER":250.250158,"USDZAR":15.788402,"USDZMK":9001.191317,"USDZMW":16.916388,"USDZWL":321.999592}}