{"success":true,"terms":"https:\/\/currencylayer.com\/terms","privacy":"https:\/\/currencylayer.com\/privacy","timestamp":1650787934,"source":"USD","quotes":{"USDAED":3.673104,"USDAFN":87.023835,"USDALL":111.322277,"USDAMD":471.469495,"USDANG":1.807133,"USDAOA":404.158041,"USDARS":114.393281,"USDAUD":1.381406,"USDAWG":1.8005,"USDAZN":1.70397,"USDBAM":1.813187,"USDBBD":2.02453,"USDBDT":86.458046,"USDBGN":1.813344,"USDBHD":0.377965,"USDBIF":2058.553589,"USDBMD":1,"USDBND":1.36965,"USDBOB":6.893582,"USDBRL":4.798921,"USDBSD":1.002716,"USDBTC":2.5123009e-5,"USDBTN":76.557427,"USDBWP":11.922924,"USDBYN":3.371652,"USDBYR":19600,"USDBZD":2.021193,"USDCAD":1.273604,"USDCDF":2012.000362,"USDCHF":0.957491,"USDCLF":0.029974,"USDCLP":827.079088,"USDCNY":6.501704,"USDCOP":3784.197206,"USDCRC":659.386096,"USDCUC":1,"USDCUP":26.5,"USDCVE":102.223108,"USDCZK":22.53755,"USDDJF":178.506865,"USDDKK":6.888904,"USDDOP":55.129001,"USDDZD":144.005117,"USDEGP":18.594195,"USDERN":15.000002,"USDETB":51.661676,"USDEUR":0.92598,"USDFJD":2.121404,"USDFKP":0.768642,"USDGBP":0.778847,"USDGEL":3.03504,"USDGGP":0.768642,"USDGHS":7.54531,"USDGIP":0.768642,"USDGMD":53.87504,"USDGNF":8913.013248,"USDGTQ":7.680662,"USDGYD":209.776855,"USDHKD":7.846725,"USDHNL":24.609936,"USDHRK":7.00704,"USDHTG":109.29478,"USDHUF":344.46704,"USDIDR":14470,"USDILS":3.274304,"USDIMP":0.768642,"USDINR":76.475504,"USDIQD":1463.459631,"USDIRR":42350.000352,"USDISK":128.910386,"USDJEP":0.768642,"USDJMD":155.308853,"USDJOD":0.70904,"USDJPY":128.53804,"USDKES":116.012682,"USDKGS":80.865104,"USDKHR":4053.881168,"USDKMF":456.403796,"USDKPW":900.000119,"USDKRW":1244.480384,"USDKWD":0.305604,"USDKYD":0.835566,"USDKZT":445.252023,"USDLAK":12025.364569,"USDLBP":1516.311754,"USDLKR":335.905421,"USDLRD":151.825039,"USDLSL":15.640382,"USDLTL":2.95274,"USDLVL":0.60489,"USDLYD":4.723224,"USDMAD":9.839061,"USDMDL":18.509924,"USDMGA":4053.426905,"USDMKD":57.12127,"USDMMK":1856.503565,"USDMNT":2994.863198,"USDMOP":8.103312,"USDMRO":356.999828,"USDMUR":42.903743,"USDMVR":15.450378,"USDMWK":819.162487,"USDMXN":20.23445,"USDMYR":4.325039,"USDMZN":63.830377,"USDNAD":15.640377,"USDNGN":415.580377,"USDNIO":35.90162,"USDNOK":8.955435,"USDNPR":122.491587,"USDNZD":1.506909,"USDOMR":0.385039,"USDPAB":1.002716,"USDPEN":3.748134,"USDPGK":3.533147,"USDPHP":52.340375,"USDPKR":186.753317,"USDPLN":4.309394,"USDPYG":6844.354622,"USDQAR":3.641038,"USDRON":4.577804,"USDRSD":109.093606,"USDRUB":77.375038,"USDRWF":1021.035164,"USDSAR":3.750555,"USDSBD":8.016064,"USDSCR":14.426099,"USDSDG":447.503678,"USDSEK":9.547604,"USDSGD":1.37109,"USDSHP":1.377404,"USDSLL":12440.000339,"USDSOS":576.000338,"USDSRD":20.733504,"USDSTD":20697.981008,"USDSVC":8.773768,"USDSYP":2512.449491,"USDSZL":15.526806,"USDTHB":33.907038,"USDTJS":12.538775,"USDTMT":3.5,"USDTND":3.011504,"USDTOP":2.275104,"USDTRY":14.744038,"USDTTD":6.805789,"USDTWD":29.308504,"USDTZS":2331.287604,"USDUAH":29.479452,"USDUGX":3532.498354,"USDUSD":1,"USDUYU":40.925399,"USDUZS":11290.709856,"USDVEF":213830222338.07285,"USDVND":22967.5,"USDVUV":112.581651,"USDWST":2.585442,"USDXAF":608.116477,"USDXAG":0.041391,"USDXAU":0.000518,"USDXCD":2.70255,"USDXDR":0.733774,"USDXOF":608.116477,"USDXPF":111.000332,"USDYER":250.250364,"USDZAR":15.607504,"USDZMK":9001.203593,"USDZMW":16.870498,"USDZWL":321.999592}}